metric,FedAvg,FedProx,G2-centralized
mAP50,0.3769123601601413,0.37558943728198346,0.4882927625866563
mAP50-95,0.2437995110375689,0.24360281241436638,0.32321873266851525
AP50_car,0.676449121614151,0.6784247574199566,0.7199023491997824
AP50_bus,0.3318491397701358,0.33156926816312926,0.49397537167534683
AP50_truck,0.41222827603949486,0.4093726552695863,0.524781818689676
AP50_motorcycle,0.0871229032167836,0.08299106827526168,0.21451151078181996
AP_car,0.40721857889707336,0.4081248530328064,0.4420502732280777
AP_bus,0.2496886721827034,0.25178978655546214,0.37660085154434725
AP_truck,0.2827764053196684,0.27992744221465043,0.37126995117148864
AP_motorcycle,0.035514387750830524,0.03456916785454654,0.10295385473014751
precision_car,0.6766965400293194,0.6699022439347877,0.7197798031473471
precision_bus,0.4720887062377524,0.47277016186001974,0.5936568800682052
precision_truck,0.5014727268952561,0.5104971433901304,0.6074151873806566
precision_motorcycle,1.0,1.0,0.5414248927126682
recall_car,0.6410746687998752,0.6444695920238815,0.6724289309894055
recall_bus,0.31559173450219163,0.2986850344395742,0.4400305790598707
recall_truck,0.40353356890459363,0.3916054495060996,0.4812720848056537
recall_motorcycle,0.0,0.0,0.18141592920353983
FN_car,34021.0,34667.0,32804.0
FN_bus,1290.0,1339.0,1010.0
FN_truck,2795.0,2867.0,2497.0
FN_motorcycle,452.0,452.0,371.0
FP_car,30775.0,28801.0,21139.0
FP_bus,818.0,714.0,529.0
FP_truck,2054.0,1814.0,1425.0
FP_motorcycle,0.0,0.0,59.0
